<?xml version="1.0" encoding="UTF-8"?><meta-data>
  <meta-data-entry for="model">
    <type>data</type>
    <access-rights>[]</access-rights>
    <mime-type>application/octet-stream</mime-type>
    <has-meta-data>true</has-meta-data>
  </meta-data-entry>
  <meta-data-entry for="params">
    <type>data</type>
    <access-rights>[]</access-rights>
    <mime-type>application/octet-stream</mime-type>
    <has-meta-data>true</has-meta-data>
  </meta-data-entry>
  <meta-data-entry for="perf">
    <type>data</type>
    <access-rights>[]</access-rights>
    <mime-type>application/octet-stream</mime-type>
    <has-meta-data>true</has-meta-data>
  </meta-data-entry>
  <meta-data-entry for="weights">
    <type>data</type>
    <access-rights>[]</access-rights>
    <mime-type>application/octet-stream</mime-type>
    <has-meta-data>true</has-meta-data>
  </meta-data-entry>
</meta-data>
