<?xml version="1.0" encoding="UTF-8"?><meta-data>
  <meta-data-entry for="admission-query">
    <type>process</type>
    <access-rights>[]</access-rights>
    <mime-type>text/xml</mime-type>
    <has-meta-data>false</has-meta-data>
  </meta-data-entry>
  <meta-data-entry for="careunits-query">
    <type>process</type>
    <access-rights>[]</access-rights>
    <mime-type>text/xml</mime-type>
    <has-meta-data>false</has-meta-data>
  </meta-data-entry>
  <meta-data-entry for="comorbidities-query">
    <type>process</type>
    <access-rights>[]</access-rights>
    <mime-type>text/xml</mime-type>
    <has-meta-data>false</has-meta-data>
  </meta-data-entry>
  <meta-data-entry for="diagnoses-HCUP-CCS">
    <type>data</type>
    <access-rights>[]</access-rights>
    <mime-type>application/octet-stream</mime-type>
    <has-meta-data>true</has-meta-data>
  </meta-data-entry>
  <meta-data-entry for="diagnoses-query">
    <type>process</type>
    <access-rights>[]</access-rights>
    <mime-type>text/xml</mime-type>
    <has-meta-data>false</has-meta-data>
  </meta-data-entry>
  <meta-data-entry for="diagnoses-raw-query">
    <type>process</type>
    <access-rights>[]</access-rights>
    <mime-type>text/xml</mime-type>
    <has-meta-data>false</has-meta-data>
  </meta-data-entry>
  <meta-data-entry for="heights-query">
    <type>process</type>
    <access-rights>[]</access-rights>
    <mime-type>text/xml</mime-type>
    <has-meta-data>false</has-meta-data>
  </meta-data-entry>
  <meta-data-entry for="procedures-HCUP-CCS">
    <type>data</type>
    <access-rights>[]</access-rights>
    <mime-type>application/octet-stream</mime-type>
    <has-meta-data>true</has-meta-data>
  </meta-data-entry>
  <meta-data-entry for="procedures-query">
    <type>process</type>
    <access-rights>[]</access-rights>
    <mime-type>text/xml</mime-type>
    <has-meta-data>false</has-meta-data>
  </meta-data-entry>
  <meta-data-entry for="procedures-raw-query">
    <type>process</type>
    <access-rights>[]</access-rights>
    <mime-type>text/xml</mime-type>
    <has-meta-data>false</has-meta-data>
  </meta-data-entry>
  <meta-data-entry for="qsofa-query">
    <type>process</type>
    <access-rights>[]</access-rights>
    <mime-type>text/xml</mime-type>
    <has-meta-data>false</has-meta-data>
  </meta-data-entry>
  <meta-data-entry for="services-query">
    <type>process</type>
    <access-rights>[]</access-rights>
    <mime-type>text/xml</mime-type>
    <has-meta-data>false</has-meta-data>
  </meta-data-entry>
  <meta-data-entry for="vitals-query">
    <type>process</type>
    <access-rights>[]</access-rights>
    <mime-type>text/xml</mime-type>
    <has-meta-data>false</has-meta-data>
  </meta-data-entry>
  <meta-data-entry for="weights-query">
    <type>process</type>
    <access-rights>[]</access-rights>
    <mime-type>text/xml</mime-type>
    <has-meta-data>false</has-meta-data>
  </meta-data-entry>
</meta-data>
