<?xml version="1.0" encoding="UTF-8"?><meta-data>
  <meta-data-entry for="ANN">
    <type>folder</type>
    <access-rights>[luis: + all, users: - all]</access-rights>
  </meta-data-entry>
  <meta-data-entry for="DL">
    <type>folder</type>
    <access-rights>[luis: + all, users: - all]</access-rights>
  </meta-data-entry>
  <meta-data-entry for="GBT">
    <type>folder</type>
    <access-rights>[luis: + all, users: - all]</access-rights>
  </meta-data-entry>
  <meta-data-entry for="GLM">
    <type>folder</type>
    <access-rights>[luis: + all, users: - all]</access-rights>
  </meta-data-entry>
  <meta-data-entry for="LR">
    <type>folder</type>
    <access-rights>[luis: + all, users: - all]</access-rights>
  </meta-data-entry>
  <meta-data-entry for="RF">
    <type>folder</type>
    <access-rights>[luis: + all, users: - all]</access-rights>
  </meta-data-entry>
  <meta-data-entry for="SVM">
    <type>folder</type>
    <access-rights>[luis: + all, users: - all]</access-rights>
  </meta-data-entry>
</meta-data>
