<?xml version="1.0" encoding="UTF-8"?><meta-data>
  <meta-data-entry for="additional">
    <type>folder</type>
    <access-rights>[luis: + all, users: - all]</access-rights>
  </meta-data-entry>
  <meta-data-entry for="additional-data-query">
    <type>process</type>
    <access-rights>[]</access-rights>
    <mime-type>text/xml</mime-type>
    <has-meta-data>false</has-meta-data>
  </meta-data-entry>
  <meta-data-entry for="duration-query">
    <type>process</type>
    <access-rights>[]</access-rights>
    <mime-type>text/xml</mime-type>
    <has-meta-data>false</has-meta-data>
  </meta-data-entry>
  <meta-data-entry for="duration-selection">
    <type>process</type>
    <access-rights>[]</access-rights>
    <mime-type>text/xml</mime-type>
    <has-meta-data>false</has-meta-data>
  </meta-data-entry>
  <meta-data-entry for="preprocessing">
    <type>process</type>
    <access-rights>[]</access-rights>
    <mime-type>text/xml</mime-type>
    <has-meta-data>false</has-meta-data>
  </meta-data-entry>
</meta-data>
