<?xml version="1.0" encoding="UTF-8"?><meta-data>
  <meta-data-entry for="data">
    <type>folder</type>
    <access-rights>[luis: + all, users: - all]</access-rights>
  </meta-data-entry>
  <meta-data-entry for="fine-tuning">
    <type>folder</type>
    <access-rights>[luis: + all, users: - all]</access-rights>
  </meta-data-entry>
  <meta-data-entry for="training">
    <type>folder</type>
    <access-rights>[luis: + all, users: - all]</access-rights>
  </meta-data-entry>
</meta-data>
